Date Time,WaterFlow
10/23/15 1:00 AM,18.81079113
10/23/15 2:00 AM,43.08702541
10/23/15 3:00 AM,37.98770481
10/23/15 4:00 AM,36.12037885
10/23/15 5:00 AM,31.85125881
10/23/15 6:00 AM,28.23808985
10/23/15 7:00 AM,9.863582048
10/23/15 8:00 AM,26.67961027
10/23/15 9:00 AM,55.77378514
10/23/15 10:00 AM,54.15688889
10/23/15 11:00 AM,68.37490356
10/23/15 12:00 PM,55.71035896
10/23/15 1:00 PM,56.96826041
10/23/15 2:00 PM,17.20627644
10/23/15 3:00 PM,35.0932747
10/23/15 4:00 PM,44.42492838
10/23/15 5:00 PM,57.32240773
10/23/15 6:00 PM,37.34492448
10/23/15 7:00 PM,11.48301131
10/23/15 8:00 PM,32.11794004
10/23/15 9:00 PM,49.08186105
10/23/15 10:00 PM,49.13354627
10/23/15 11:00 PM,42.06464798
10/24/15 12:00 AM,58.38002659
10/24/15 1:00 AM,53.40803073
10/24/15 2:00 AM,42.33277498
10/24/15 3:00 AM,45.92218953
10/24/15 4:00 AM,32.74121535
10/24/15 5:00 AM,47.87925146
10/24/15 6:00 AM,47.46051578
10/24/15 7:00 AM,52.26496626
10/24/15 8:00 AM,35.38958203
10/24/15 9:00 AM,14.43557793
10/24/15 10:00 AM,45.0381785
10/24/15 11:00 AM,38.89659175
10/24/15 12:00 PM,39.99183321
10/24/15 1:00 PM,56.88359454
10/24/15 2:00 PM,62.72866006
10/24/15 3:00 PM,67.38248408
10/24/15 4:00 PM,29.64510828
10/24/15 5:00 PM,51.58666794
10/24/15 6:00 PM,61.98710337
10/24/15 7:00 PM,46.39457149
10/24/15 8:00 PM,32.83867346
10/24/15 9:00 PM,53.41655365
10/24/15 10:00 PM,70.72367672
10/24/15 11:00 PM,21.57084729
10/25/15 12:00 AM,66.76210753
10/25/15 1:00 AM,36.32212332
10/25/15 2:00 AM,45.11434145
10/25/15 3:00 AM,53.47356233
10/25/15 4:00 AM,27.20934104
10/25/15 5:00 AM,44.19370327
10/25/15 6:00 AM,59.29690989
10/25/15 7:00 AM,42.25349618
10/25/15 8:00 AM,44.74797024
10/25/15 9:00 AM,50.18250215
10/25/15 10:00 AM,32.3033804
10/25/15 11:00 AM,44.41369715
10/25/15 12:00 PM,42.8445562
10/25/15 1:00 PM,56.28262765
10/25/15 2:00 PM,54.93695763
10/25/15 3:00 PM,20.40651045
10/25/15 4:00 PM,60.95445904
10/25/15 5:00 PM,55.81176683
10/25/15 6:00 PM,68.00801168
10/25/15 7:00 PM,20.96475442
10/25/15 8:00 PM,50.1122917
10/25/15 9:00 PM,24.17280842
10/25/15 10:00 PM,17.13159987
10/25/15 11:00 PM,41.93831049
10/26/15 12:00 AM,70.37663556
10/26/15 1:00 AM,34.38761657
10/26/15 2:00 AM,30.37766266
10/26/15 3:00 AM,41.56719221
10/26/15 4:00 AM,72.17288092
10/26/15 5:00 AM,45.74572888
10/26/15 6:00 AM,42.29414578
10/26/15 7:00 AM,28.88316436
10/26/15 8:00 AM,55.50656577
10/26/15 9:00 AM,19.22859916
10/26/15 10:00 AM,39.45491278
10/26/15 11:00 AM,28.5218483
10/26/15 12:00 PM,22.61461495
10/26/15 1:00 PM,8.513214478
10/26/15 2:00 PM,38.22836508
10/26/15 3:00 PM,23.38817169
10/26/15 4:00 PM,59.5463346
10/26/15 5:00 PM,20.34273927
10/26/15 6:00 PM,40.19857305
10/26/15 7:00 PM,42.63642934
10/26/15 8:00 PM,40.25058423
10/26/15 9:00 PM,33.60356395
10/26/15 10:00 PM,33.92116465
10/26/15 11:00 PM,6.57483831
10/27/15 12:00 AM,68.45138402
10/27/15 1:00 AM,14.72222254
10/27/15 2:00 AM,40.88520081
10/27/15 3:00 AM,37.43223186
10/27/15 4:00 AM,22.4499027
10/27/15 5:00 AM,49.81346052
10/27/15 6:00 AM,38.93056781
10/27/15 7:00 AM,22.18358092
10/27/15 8:00 AM,17.15638523
10/27/15 9:00 AM,55.68381437
10/27/15 10:00 AM,4.681630264
10/27/15 11:00 AM,30.99891918
10/27/15 12:00 PM,11.13684156
10/27/15 1:00 PM,30.65098694
10/27/15 2:00 PM,56.68809795
10/27/15 3:00 PM,32.44549185
10/27/15 4:00 PM,41.24240513
10/27/15 5:00 PM,44.38074874
10/27/15 6:00 PM,55.34337265
10/27/15 7:00 PM,14.1753749
10/27/15 8:00 PM,51.63605587
10/27/15 9:00 PM,49.03873843
10/27/15 10:00 PM,33.51547782
10/27/15 11:00 PM,35.47994363
10/28/15 12:00 AM,54.75365701
10/28/15 1:00 AM,42.30813997
10/28/15 2:00 AM,30.65044824
10/28/15 3:00 AM,38.95135259
10/28/15 4:00 AM,23.33051651
10/28/15 5:00 AM,26.13071582
10/28/15 6:00 AM,68.18410253
10/28/15 7:00 AM,17.89104937
10/28/15 8:00 AM,7.689945145
10/28/15 9:00 AM,34.47979507
10/28/15 10:00 AM,5.768534565
10/28/15 11:00 AM,55.99615583
10/28/15 12:00 PM,52.15626174
10/28/15 1:00 PM,48.27652619
10/28/15 2:00 PM,29.0686775
10/28/15 3:00 PM,51.05582851
10/28/15 4:00 PM,50.14290323
10/28/15 5:00 PM,35.69971475
10/28/15 6:00 PM,41.00913979
10/28/15 7:00 PM,70.12644636
10/28/15 8:00 PM,22.22543231
10/28/15 9:00 PM,54.65964647
10/28/15 10:00 PM,50.46776996
10/28/15 11:00 PM,35.30778367
10/29/15 12:00 AM,44.07231163
10/29/15 1:00 AM,36.43357313
10/29/15 2:00 AM,65.17498975
10/29/15 3:00 AM,39.0272324
10/29/15 4:00 AM,21.88248414
10/29/15 5:00 AM,16.47572381
10/29/15 6:00 AM,29.7370784
10/29/15 7:00 AM,44.67798712
10/29/15 8:00 AM,9.726528221
10/29/15 9:00 AM,32.25283423
10/29/15 10:00 AM,36.46370643
10/29/15 11:00 AM,18.57058409
10/29/15 12:00 PM,47.17919706
10/29/15 1:00 PM,16.81439945
10/29/15 2:00 PM,21.41153491
10/29/15 3:00 PM,78.30320789
10/29/15 4:00 PM,37.80908688
10/29/15 5:00 PM,46.1438526
10/29/15 6:00 PM,58.57556148
10/29/15 7:00 PM,10.66851723
10/29/15 8:00 PM,40.42367581
10/29/15 9:00 PM,42.63265441
10/29/15 10:00 PM,17.02403652
10/29/15 11:00 PM,38.28882525
10/30/15 12:00 AM,61.93595599
10/30/15 1:00 AM,16.26768545
10/30/15 2:00 AM,50.45433646
10/30/15 3:00 AM,64.30330231
10/30/15 4:00 AM,36.85982982
10/30/15 5:00 AM,19.04569528
10/30/15 6:00 AM,51.2067814
10/30/15 7:00 AM,43.15747538
10/30/15 8:00 AM,66.5335046
10/30/15 9:00 AM,46.40748787
10/30/15 10:00 AM,31.59362218
10/30/15 11:00 AM,32.88015533
10/30/15 12:00 PM,32.33059501
10/30/15 1:00 PM,44.10156782
10/30/15 2:00 PM,30.99823229
10/30/15 3:00 PM,69.57583014
10/30/15 4:00 PM,28.65683455
10/30/15 5:00 PM,40.3473594
10/30/15 6:00 PM,73.7699081
10/30/15 7:00 PM,30.71182406
10/30/15 8:00 PM,39.90034556
10/30/15 9:00 PM,41.39625329
10/30/15 10:00 PM,14.91889132
10/30/15 11:00 PM,48.47668344
10/31/15 12:00 AM,54.8048607
10/31/15 1:00 AM,74.84165436
10/31/15 2:00 AM,31.58153126
10/31/15 3:00 AM,60.28819239
10/31/15 4:00 AM,22.56878821
10/31/15 5:00 AM,42.80069491
10/31/15 6:00 AM,41.30920585
10/31/15 7:00 AM,14.65724884
10/31/15 8:00 AM,35.29975671
10/31/15 9:00 AM,23.23805741
10/31/15 10:00 AM,36.34436395
10/31/15 11:00 AM,34.08869398
10/31/15 12:00 PM,41.49175644
10/31/15 1:00 PM,42.30782104
10/31/15 2:00 PM,46.51361867
10/31/15 3:00 PM,59.16921468
10/31/15 4:00 PM,49.51477889
10/31/15 5:00 PM,9.835714957
10/31/15 6:00 PM,30.380895
10/31/15 7:00 PM,40.07596657
10/31/15 8:00 PM,53.075152
10/31/15 9:00 PM,26.58150987
10/31/15 10:00 PM,37.96342719
10/31/15 11:00 PM,67.09880409
11/1/15 12:00 AM,9.541254868
11/1/15 1:00 AM,50.56032742
11/1/15 2:00 AM,48.67552944
11/1/15 3:00 AM,50.79077696
11/1/15 4:00 AM,39.64784004
11/1/15 5:00 AM,71.59472324
11/1/15 6:00 AM,45.64290462
11/1/15 7:00 AM,22.40374788
11/1/15 8:00 AM,42.58331361
11/1/15 9:00 AM,48.97380296
11/1/15 10:00 AM,36.39181389
11/1/15 11:00 AM,39.45130024
11/1/15 12:00 PM,48.23194523
11/1/15 1:00 PM,23.2387329
11/1/15 2:00 PM,29.103701
11/1/15 3:00 PM,24.89049515
11/1/15 4:00 PM,39.50175257
11/1/15 5:00 PM,3.553891434
11/1/15 6:00 PM,41.18859918
11/1/15 7:00 PM,41.30335277
11/1/15 8:00 PM,17.85862952
11/1/15 9:00 PM,28.38299493
11/1/15 10:00 PM,51.69684585
11/1/15 11:00 PM,60.22572536
11/2/15 12:00 AM,18.71007408
11/2/15 1:00 AM,69.67740344
11/2/15 2:00 AM,70.643756
11/2/15 3:00 AM,32.13070022
11/2/15 4:00 AM,43.28648824
11/2/15 5:00 AM,46.51910962
11/2/15 6:00 AM,49.41878775
11/2/15 7:00 AM,22.60313317
11/2/15 8:00 AM,17.20403909
11/2/15 9:00 AM,36.09884109
11/2/15 10:00 AM,37.42603944
11/2/15 11:00 AM,68.9582584
11/2/15 12:00 PM,56.35530043
11/2/15 1:00 PM,27.42182637
11/2/15 2:00 PM,21.9770126
11/2/15 3:00 PM,31.65001177
11/2/15 4:00 PM,19.1037253
11/2/15 5:00 PM,40.5739763
11/2/15 6:00 PM,34.13936521
11/2/15 7:00 PM,31.60414625
11/2/15 8:00 PM,53.4551623
11/2/15 9:00 PM,50.93286204
11/2/15 10:00 PM,21.38211752
11/2/15 11:00 PM,28.70799107
11/3/15 12:00 AM,28.26611899
11/3/15 1:00 AM,56.64302489
11/3/15 2:00 AM,65.4912973
11/3/15 3:00 AM,45.26489981
11/3/15 4:00 AM,32.08322592
11/3/15 5:00 AM,20.03494038
11/3/15 6:00 AM,59.36113118
11/3/15 7:00 AM,63.06285307
11/3/15 8:00 AM,36.31102374
11/3/15 9:00 AM,28.78601585
11/3/15 10:00 AM,41.52946741
11/3/15 11:00 AM,15.91194601
11/3/15 12:00 PM,50.85968515
11/3/15 1:00 PM,43.0053991
11/3/15 2:00 PM,34.65096287
11/3/15 3:00 PM,53.49097618
11/3/15 4:00 PM,30.67029486
11/3/15 5:00 PM,11.91595121
11/3/15 6:00 PM,24.72251647
11/3/15 7:00 PM,38.9362182
11/3/15 8:00 PM,35.4504779
11/3/15 9:00 PM,45.97025753
11/3/15 10:00 PM,56.40725583
11/3/15 11:00 PM,49.55487157
11/4/15 12:00 AM,48.35818184
11/4/15 1:00 AM,16.81616373
11/4/15 2:00 AM,19.08484141
11/4/15 3:00 AM,49.94472785
11/4/15 4:00 AM,21.6178854
11/4/15 5:00 AM,26.98153949
11/4/15 6:00 AM,51.75401047
11/4/15 7:00 AM,35.72916046
11/4/15 8:00 AM,71.27373219
11/4/15 9:00 AM,28.41858127
11/4/15 10:00 AM,16.9646913
11/4/15 11:00 AM,47.89294827
11/4/15 12:00 PM,50.25718137
11/4/15 1:00 PM,48.59543004
11/4/15 2:00 PM,49.9963593
11/4/15 3:00 PM,48.92011039
11/4/15 4:00 PM,68.16154308
11/4/15 5:00 PM,30.52977975
11/4/15 6:00 PM,55.69445344
11/4/15 7:00 PM,47.14523768
11/4/15 8:00 PM,50.77885745
11/4/15 9:00 PM,47.65857136
11/4/15 10:00 PM,26.33109832
11/4/15 11:00 PM,67.76109101
11/5/15 12:00 AM,51.08515377
11/5/15 1:00 AM,41.11795635
11/5/15 2:00 AM,9.068800328
11/5/15 3:00 AM,61.26001161
11/5/15 4:00 AM,20.3847671
11/5/15 5:00 AM,23.37155764
11/5/15 6:00 AM,54.1307207
11/5/15 7:00 AM,47.17342176
11/5/15 8:00 AM,17.33047958
11/5/15 9:00 AM,27.90099651
11/5/15 10:00 AM,60.69392824
11/5/15 11:00 AM,55.75043905
11/5/15 12:00 PM,31.98072879
11/5/15 1:00 PM,46.02681469
11/5/15 2:00 PM,51.48672052
11/5/15 3:00 PM,35.08388179
11/5/15 4:00 PM,29.22273059
11/5/15 5:00 PM,38.05457657
11/5/15 6:00 PM,32.80346095
11/5/15 7:00 PM,34.59065123
11/5/15 8:00 PM,7.041454911
11/5/15 9:00 PM,43.8794864
11/5/15 10:00 PM,54.2600745
11/5/15 11:00 PM,49.60799829
11/6/15 12:00 AM,51.16684302
11/6/15 1:00 AM,60.33226112
11/6/15 2:00 AM,54.00061471
11/6/15 3:00 AM,48.40295264
11/6/15 4:00 AM,71.29399641
11/6/15 5:00 AM,25.8643768
11/6/15 6:00 AM,43.53498447
11/6/15 7:00 AM,10.29475402
11/6/15 8:00 AM,27.21155181
11/6/15 9:00 AM,68.77117956
11/6/15 10:00 AM,40.63557542
11/6/15 11:00 AM,48.5472793
11/6/15 12:00 PM,51.21169511
11/6/15 1:00 PM,62.32313149
11/6/15 2:00 PM,36.0422047
11/6/15 3:00 PM,65.86742461
11/6/15 4:00 PM,43.09125741
11/6/15 5:00 PM,49.99928289
11/6/15 6:00 PM,42.75324408
11/6/15 7:00 PM,43.28030236
11/6/15 8:00 PM,12.21514249
11/6/15 9:00 PM,30.79094958
11/6/15 10:00 PM,43.14626442
11/6/15 11:00 PM,24.86296206
11/7/15 12:00 AM,60.41954103
11/7/15 1:00 AM,2.829190828
11/7/15 2:00 AM,41.35859113
11/7/15 3:00 AM,32.51802495
11/7/15 4:00 AM,32.93624641
11/7/15 5:00 AM,53.9036923
11/7/15 6:00 AM,54.34924013
11/7/15 7:00 AM,48.6673385
11/7/15 8:00 AM,43.69724592
11/7/15 9:00 AM,64.39101852
11/7/15 10:00 AM,54.6425662
11/7/15 11:00 AM,31.57979481
11/7/15 12:00 PM,10.69779209
11/7/15 1:00 PM,69.40830366
11/7/15 2:00 PM,57.73922765
11/7/15 3:00 PM,54.04303627
11/7/15 4:00 PM,21.37810646
11/7/15 5:00 PM,68.55724608
11/7/15 6:00 PM,49.9902553
11/7/15 7:00 PM,60.87085203
11/7/15 8:00 PM,15.23119368
11/7/15 9:00 PM,35.27187196
11/7/15 10:00 PM,47.83472429
11/7/15 11:00 PM,39.04258855
11/8/15 12:00 AM,31.28254265
11/8/15 1:00 AM,34.3186458
11/8/15 2:00 AM,45.69573719
11/8/15 3:00 AM,34.76172408
11/8/15 4:00 AM,41.32428206
11/8/15 5:00 AM,22.81558475
11/8/15 6:00 AM,63.25074215
11/8/15 7:00 AM,13.83985166
11/8/15 8:00 AM,46.00628303
11/8/15 9:00 AM,44.49373323
11/8/15 10:00 AM,63.37840085
11/8/15 11:00 AM,42.81762861
11/8/15 12:00 PM,45.07208146
11/8/15 1:00 PM,46.04013676
11/8/15 2:00 PM,11.57334008
11/8/15 3:00 PM,39.92273029
11/8/15 4:00 PM,40.15333847
11/8/15 5:00 PM,63.03725397
11/8/15 6:00 PM,48.77670988
11/8/15 7:00 PM,53.30694611
11/8/15 8:00 PM,41.48421116
11/8/15 9:00 PM,45.34870201
11/8/15 10:00 PM,54.96946621
11/8/15 11:00 PM,47.595072
11/9/15 12:00 AM,40.59161874
11/9/15 1:00 AM,43.36361911
11/9/15 2:00 AM,65.78915281
11/9/15 3:00 AM,29.01217847
11/9/15 4:00 AM,38.94484432
11/9/15 5:00 AM,26.34957522
11/9/15 6:00 AM,33.63850034
11/9/15 7:00 AM,8.524680531
11/9/15 8:00 AM,7.047517057
11/9/15 9:00 AM,71.86477823
11/9/15 10:00 AM,33.77519486
11/9/15 11:00 AM,34.52448013
11/9/15 12:00 PM,13.27796989
11/9/15 1:00 PM,20.95147529
11/9/15 2:00 PM,42.71525612
11/9/15 3:00 PM,51.10116304
11/9/15 4:00 PM,8.718182194
11/9/15 5:00 PM,23.88431094
11/9/15 6:00 PM,44.20863164
11/9/15 7:00 PM,47.0949246
11/9/15 8:00 PM,25.14057384
11/9/15 9:00 PM,33.72371766
11/9/15 10:00 PM,23.36652496
11/9/15 11:00 PM,41.85102504
11/10/15 12:00 AM,28.56595449
11/10/15 1:00 AM,49.01041758
11/10/15 2:00 AM,76.95328848
11/10/15 3:00 AM,33.64114429
11/10/15 4:00 AM,61.12769933
11/10/15 5:00 AM,61.82233988
11/10/15 6:00 AM,22.69002907
11/10/15 7:00 AM,52.49675282
11/10/15 8:00 AM,26.9624124
11/10/15 9:00 AM,55.91236593
11/10/15 10:00 AM,38.82736561
11/10/15 11:00 AM,51.17099247
11/10/15 12:00 PM,38.98224955
11/10/15 1:00 PM,36.40363228
11/10/15 2:00 PM,45.51113547
11/10/15 3:00 PM,35.45076423
11/10/15 4:00 PM,12.7814656
11/10/15 5:00 PM,34.5961441
11/10/15 6:00 PM,19.86300011
11/10/15 7:00 PM,61.42272431
11/10/15 8:00 PM,37.87154165
11/10/15 9:00 PM,44.71402949
11/10/15 10:00 PM,52.43854579
11/10/15 11:00 PM,21.8700344
11/11/15 12:00 AM,42.77552713
11/11/15 1:00 AM,37.07565998
11/11/15 2:00 AM,55.92249103
11/11/15 3:00 AM,21.72536986
11/11/15 4:00 AM,27.3832256
11/11/15 5:00 AM,26.47445314
11/11/15 6:00 AM,24.99220567
11/11/15 7:00 AM,29.42023597
11/11/15 8:00 AM,18.5931885
11/11/15 9:00 AM,19.40100162
11/11/15 10:00 AM,30.79766401
11/11/15 11:00 AM,53.00528948
11/11/15 12:00 PM,29.78516453
11/11/15 1:00 PM,48.47828357
11/11/15 2:00 PM,41.00006303
11/11/15 3:00 PM,55.9854264
11/11/15 4:00 PM,23.59310687
11/11/15 5:00 PM,16.92939661
11/11/15 6:00 PM,26.10580898
11/11/15 7:00 PM,27.27809926
11/11/15 8:00 PM,35.96669569
11/11/15 9:00 PM,62.32101702
11/11/15 10:00 PM,22.55100533
11/11/15 11:00 PM,32.32649831
11/12/15 12:00 AM,36.76842632
11/12/15 1:00 AM,16.65577919
11/12/15 2:00 AM,50.90303535
11/12/15 3:00 AM,32.74423328
11/12/15 4:00 AM,43.446611
11/12/15 5:00 AM,12.87288229
11/12/15 6:00 AM,43.62682061
11/12/15 7:00 AM,17.93256378
11/12/15 8:00 AM,46.43078232
11/12/15 9:00 AM,47.55562974
11/12/15 10:00 AM,23.16462761
11/12/15 11:00 AM,36.32016631
11/12/15 12:00 PM,41.8292772
11/12/15 1:00 PM,65.0638114
11/12/15 2:00 PM,53.99666909
11/12/15 3:00 PM,53.06549029
11/12/15 4:00 PM,36.04801226
11/12/15 5:00 PM,23.16482183
11/12/15 6:00 PM,38.65290869
11/12/15 7:00 PM,48.0852669
11/12/15 8:00 PM,39.54703
11/12/15 9:00 PM,36.28158201
11/12/15 10:00 PM,22.30458026
11/12/15 11:00 PM,39.05449668
11/13/15 12:00 AM,62.45637496
11/13/15 1:00 AM,21.05879396
11/13/15 2:00 AM,24.98670301
11/13/15 3:00 AM,47.34003683
11/13/15 4:00 AM,42.10370983
11/13/15 5:00 AM,46.27742125
11/13/15 6:00 AM,41.3463599
11/13/15 7:00 AM,8.198421326
11/13/15 8:00 AM,49.82048027
11/13/15 9:00 AM,52.63052018
11/13/15 10:00 AM,14.32084639
11/13/15 11:00 AM,29.42921001
11/13/15 12:00 PM,46.61007015
11/13/15 1:00 PM,27.71815819
11/13/15 2:00 PM,43.64659076
11/13/15 3:00 PM,58.24927669
11/13/15 4:00 PM,37.9558105
11/13/15 5:00 PM,53.16714127
11/13/15 6:00 PM,17.00317977
11/13/15 7:00 PM,36.98776744
11/13/15 8:00 PM,69.42128896
11/13/15 9:00 PM,42.28238012
11/13/15 10:00 PM,60.29918261
11/13/15 11:00 PM,77.38803641
11/14/15 12:00 AM,38.1875138
11/14/15 1:00 AM,73.92036384
11/14/15 2:00 AM,23.42761952
11/14/15 3:00 AM,74.0497629
11/14/15 4:00 AM,71.02584226
11/14/15 5:00 AM,36.31093446
11/14/15 6:00 AM,69.72784626
11/14/15 7:00 AM,47.31891132
11/14/15 8:00 AM,54.55200875
11/14/15 9:00 AM,22.04706622
11/14/15 10:00 AM,33.28693958
11/14/15 11:00 AM,44.80590141
11/14/15 12:00 PM,30.96886528
11/14/15 1:00 PM,32.25033202
11/14/15 2:00 PM,60.44954111
11/14/15 3:00 PM,17.00648498
11/14/15 4:00 PM,42.8458014
11/14/15 5:00 PM,47.52885211
11/14/15 6:00 PM,39.71568744
11/14/15 7:00 PM,23.9053508
11/14/15 8:00 PM,60.46832069
11/14/15 9:00 PM,16.01615556
11/14/15 10:00 PM,24.91391092
11/14/15 11:00 PM,52.12722219
11/15/15 12:00 AM,31.77190715
11/15/15 1:00 AM,33.99284967
11/15/15 2:00 AM,12.2827646
11/15/15 3:00 AM,50.5960374
11/15/15 4:00 AM,31.54200675
11/15/15 5:00 AM,20.51434814
11/15/15 6:00 AM,27.99026675
11/15/15 7:00 AM,70.66354096
11/15/15 8:00 AM,44.67491606
11/15/15 9:00 AM,22.8214628
11/15/15 10:00 AM,28.17175662
11/15/15 11:00 AM,38.06055601
11/15/15 12:00 PM,28.25118944
11/15/15 1:00 PM,20.65080302
11/15/15 2:00 PM,42.03828063
11/15/15 3:00 PM,33.65749945
11/15/15 4:00 PM,24.6285368
11/15/15 5:00 PM,62.74016914
11/15/15 6:00 PM,37.22728024
11/15/15 7:00 PM,66.8343718
11/15/15 8:00 PM,54.88509384
11/15/15 9:00 PM,38.74175382
11/15/15 10:00 PM,52.56586065
11/15/15 11:00 PM,42.01157945
11/16/15 12:00 AM,1.884618513
11/16/15 1:00 AM,33.69700919
11/16/15 2:00 AM,35.13637618
11/16/15 3:00 AM,52.3429811
11/16/15 4:00 AM,56.69911615
11/16/15 5:00 AM,55.563435
11/16/15 6:00 AM,45.75836359
11/16/15 7:00 AM,50.65967326
11/16/15 8:00 AM,40.16956393
11/16/15 9:00 AM,24.97922016
11/16/15 10:00 AM,47.7965893
11/16/15 11:00 AM,35.72695676
11/16/15 12:00 PM,54.02898885
11/16/15 1:00 PM,45.3419746
11/16/15 2:00 PM,48.47631088
11/16/15 3:00 PM,33.64051226
11/16/15 4:00 PM,30.86480902
11/16/15 5:00 PM,20.8442114
11/16/15 6:00 PM,19.80396379
11/16/15 7:00 PM,36.26454288
11/16/15 8:00 PM,31.29182077
11/16/15 9:00 PM,10.358942
11/16/15 10:00 PM,31.27194156
11/16/15 11:00 PM,39.1439737
11/17/15 12:00 AM,40.59986266
11/17/15 1:00 AM,4.404232527
11/17/15 2:00 AM,60.53220385
11/17/15 3:00 AM,42.65471046
11/17/15 4:00 AM,11.86580146
11/17/15 5:00 AM,22.79888299
11/17/15 6:00 AM,32.52495902
11/17/15 7:00 AM,65.95756319
11/17/15 8:00 AM,26.38252812
11/17/15 9:00 AM,33.06265569
11/17/15 10:00 AM,18.3653851
11/17/15 11:00 AM,59.43313441
11/17/15 12:00 PM,38.71945316
11/17/15 1:00 PM,70.61944397
11/17/15 2:00 PM,51.06999341
11/17/15 3:00 PM,29.48903152
11/17/15 4:00 PM,15.80865472
11/17/15 5:00 PM,39.22362604
11/17/15 6:00 PM,47.08022818
11/17/15 7:00 PM,41.98056849
11/17/15 8:00 PM,61.21436088
11/17/15 9:00 PM,23.83674222
11/17/15 10:00 PM,35.21341307
11/17/15 11:00 PM,66.17482516
11/18/15 12:00 AM,11.47273785
11/18/15 1:00 AM,40.94476815
11/18/15 2:00 AM,73.29798193
11/18/15 3:00 AM,21.70511181
11/18/15 4:00 AM,13.4452792
11/18/15 5:00 AM,33.85564387
11/18/15 6:00 AM,38.4252691
11/18/15 7:00 AM,7.564168481
11/18/15 8:00 AM,20.79279174
11/18/15 9:00 AM,47.12681312
11/18/15 10:00 AM,38.55720019
11/18/15 11:00 AM,30.6197504
11/18/15 12:00 PM,27.54841133
11/18/15 1:00 PM,34.69750497
11/18/15 2:00 PM,36.67669868
11/18/15 3:00 PM,30.0258062
11/18/15 4:00 PM,44.29000098
11/18/15 5:00 PM,31.47671399
11/18/15 6:00 PM,16.5543291
11/18/15 7:00 PM,28.46763688
11/18/15 8:00 PM,60.75680485
11/18/15 9:00 PM,53.15631099
11/18/15 10:00 PM,43.73618156
11/18/15 11:00 PM,44.67828473
11/19/15 12:00 AM,32.50015881
11/19/15 1:00 AM,53.09671787
11/19/15 2:00 AM,50.45017107
11/19/15 3:00 AM,20.67185152
11/19/15 4:00 AM,48.50092998
11/19/15 5:00 AM,55.87209379
11/19/15 6:00 AM,16.95551455
11/19/15 7:00 AM,47.78203244
11/19/15 8:00 AM,64.18216205
11/19/15 9:00 AM,19.1237577
11/19/15 10:00 AM,26.63004031
11/19/15 11:00 AM,24.69326354
11/19/15 12:00 PM,14.88257581
11/19/15 1:00 PM,54.70263288
11/19/15 2:00 PM,28.04547212
11/19/15 3:00 PM,44.23744259
11/19/15 4:00 PM,53.98947704
11/19/15 5:00 PM,44.2085305
11/19/15 6:00 PM,44.14563419
11/19/15 7:00 PM,40.17414878
11/19/15 8:00 PM,75.69976331
11/19/15 9:00 PM,33.68859473
11/19/15 10:00 PM,60.31509858
11/19/15 11:00 PM,37.81160743
11/20/15 12:00 AM,62.21629648
11/20/15 1:00 AM,21.92357877
11/20/15 2:00 AM,50.85682413
11/20/15 3:00 AM,9.506527245
11/20/15 4:00 AM,39.03783258
11/20/15 5:00 AM,47.39267522
11/20/15 6:00 AM,39.77479137
11/20/15 7:00 AM,48.83563425
11/20/15 8:00 AM,46.28395798
11/20/15 9:00 AM,48.83387336
11/20/15 10:00 AM,41.32121924
11/20/15 11:00 AM,49.12616619
11/20/15 12:00 PM,26.07030653
11/20/15 1:00 PM,37.33401299
11/20/15 2:00 PM,44.01340288
11/20/15 3:00 PM,63.07685709
11/20/15 4:00 PM,44.00928858
11/20/15 5:00 PM,53.76551738
11/20/15 6:00 PM,6.907393721
11/20/15 7:00 PM,51.6257647
11/20/15 8:00 PM,64.84596887
11/20/15 9:00 PM,23.7911884
11/20/15 10:00 PM,41.55125259
11/20/15 11:00 PM,45.03203276
11/21/15 12:00 AM,30.72259019
11/21/15 1:00 AM,37.64384516
11/21/15 2:00 AM,33.97861859
11/21/15 3:00 AM,59.97556618
11/21/15 4:00 AM,24.82192253
11/21/15 5:00 AM,24.42644106
11/21/15 6:00 AM,58.76811005
11/21/15 7:00 AM,47.48738715
11/21/15 8:00 AM,41.04648153
11/21/15 9:00 AM,32.07798977
11/21/15 10:00 AM,61.33238426
11/21/15 11:00 AM,33.77987794
11/21/15 12:00 PM,68.860907
11/21/15 1:00 PM,28.2286874
11/21/15 2:00 PM,41.39204867
11/21/15 3:00 PM,55.49387384
11/21/15 4:00 PM,41.74166781
11/21/15 5:00 PM,54.74392106
11/21/15 6:00 PM,51.71164242
11/21/15 7:00 PM,21.72587902
11/21/15 8:00 PM,45.57246035
11/21/15 9:00 PM,29.98498933
11/21/15 10:00 PM,31.94621404
11/21/15 11:00 PM,74.12093519
11/22/15 12:00 AM,39.79958044
11/22/15 1:00 AM,28.92370372
11/22/15 2:00 AM,34.12523036
11/22/15 3:00 AM,47.26190959
11/22/15 4:00 AM,31.90598741
11/22/15 5:00 AM,53.21999515
11/22/15 6:00 AM,26.94421283
11/22/15 7:00 AM,54.15173011
11/22/15 8:00 AM,31.5571267
11/22/15 9:00 AM,47.10803673
11/22/15 10:00 AM,16.93941809
11/22/15 11:00 AM,56.86792237
11/22/15 12:00 PM,56.92414001
11/22/15 1:00 PM,7.14394091
11/22/15 2:00 PM,49.92586777
11/22/15 3:00 PM,58.97099961
11/22/15 4:00 PM,34.28108461
11/22/15 5:00 PM,42.68278974
11/22/15 6:00 PM,36.85591149
11/22/15 7:00 PM,22.57550994
11/22/15 8:00 PM,43.10640707
11/22/15 9:00 PM,57.4235482
11/22/15 10:00 PM,60.98231142
11/22/15 11:00 PM,19.18450325
11/23/15 12:00 AM,27.03110986
11/23/15 1:00 AM,24.98501744
11/23/15 2:00 AM,41.85979903
11/23/15 3:00 AM,7.230716913
11/23/15 4:00 AM,24.22571653
11/23/15 5:00 AM,46.45370701
11/23/15 6:00 AM,51.23018874
11/23/15 7:00 AM,44.44260747
11/23/15 8:00 AM,49.11595101
11/23/15 9:00 AM,32.86596002
11/23/15 10:00 AM,23.08245974
11/23/15 11:00 AM,34.71862744
11/23/15 12:00 PM,66.16324292
11/23/15 1:00 PM,68.17773243
11/23/15 2:00 PM,42.73128772
11/23/15 3:00 PM,65.16022042
11/23/15 4:00 PM,18.85593796
11/23/15 5:00 PM,28.93832038
11/23/15 6:00 PM,4.388468719
11/23/15 7:00 PM,44.97601691
11/23/15 8:00 PM,35.72273437
11/23/15 9:00 PM,45.34712293
11/23/15 10:00 PM,22.78132756
11/23/15 11:00 PM,43.11476656
11/24/15 12:00 AM,24.18412142
11/24/15 1:00 AM,43.35623533
11/24/15 2:00 AM,35.08934419
11/24/15 3:00 AM,42.12995079
11/24/15 4:00 AM,65.06406107
11/24/15 5:00 AM,31.05465163
11/24/15 6:00 AM,43.14210664
11/24/15 7:00 AM,33.90962124
11/24/15 8:00 AM,25.19916413
11/24/15 9:00 AM,26.90009546
11/24/15 10:00 AM,54.82039903
11/24/15 11:00 AM,36.71424465
11/24/15 12:00 PM,58.61206248
11/24/15 1:00 PM,48.91895104
11/24/15 2:00 PM,55.17361274
11/24/15 3:00 PM,34.77076592
11/24/15 4:00 PM,4.595560353
11/24/15 5:00 PM,17.71768219
11/24/15 6:00 PM,63.68238753
11/24/15 7:00 PM,16.45920414
11/24/15 8:00 PM,39.17416679
11/24/15 9:00 PM,5.544961705
11/24/15 10:00 PM,51.40888932
11/24/15 11:00 PM,71.20639608
11/25/15 12:00 AM,20.60460709
11/25/15 1:00 AM,45.90355764
11/25/15 2:00 AM,47.99606839
11/25/15 3:00 AM,51.51577693
11/25/15 4:00 AM,27.64393655
11/25/15 5:00 AM,19.95042457
11/25/15 6:00 AM,42.9346763
11/25/15 7:00 AM,33.7589644
11/25/15 8:00 AM,60.19825702
11/25/15 9:00 AM,64.82264796
11/25/15 10:00 AM,26.16091876
11/25/15 11:00 AM,44.72929398
11/25/15 12:00 PM,28.50302552
11/25/15 1:00 PM,75.77177633
11/25/15 2:00 PM,27.11206514
11/25/15 3:00 PM,49.4031911
11/25/15 4:00 PM,38.39785361
11/25/15 5:00 PM,38.09187049
11/25/15 6:00 PM,43.48553606
11/25/15 7:00 PM,13.17086266
11/25/15 8:00 PM,52.13769817
11/25/15 9:00 PM,43.2048974
11/25/15 10:00 PM,37.66049251
11/25/15 11:00 PM,31.19763638
11/26/15 12:00 AM,34.07400659
11/26/15 1:00 AM,64.40336413
11/26/15 2:00 AM,61.57524857
11/26/15 3:00 AM,32.42613429
11/26/15 4:00 AM,30.16828995
11/26/15 5:00 AM,37.22784015
11/26/15 6:00 AM,18.70033925
11/26/15 7:00 AM,27.57360202
11/26/15 8:00 AM,48.21770486
11/26/15 9:00 AM,45.17300295
11/26/15 10:00 AM,18.89000846
11/26/15 11:00 AM,27.14164623
11/26/15 12:00 PM,14.63588478
11/26/15 1:00 PM,30.36429892
11/26/15 2:00 PM,8.753475204
11/26/15 3:00 PM,18.7684891
11/26/15 4:00 PM,39.73548212
11/26/15 5:00 PM,13.73028253
11/26/15 6:00 PM,44.82487202
11/26/15 7:00 PM,39.80999357
11/26/15 8:00 PM,28.56587512
11/26/15 9:00 PM,43.66147685
11/26/15 10:00 PM,55.90627094
11/26/15 11:00 PM,31.12918133
11/27/15 12:00 AM,19.96245335
11/27/15 1:00 AM,42.68370022
11/27/15 2:00 AM,59.08985741
11/27/15 3:00 AM,23.64038066
11/27/15 4:00 AM,26.78566836
11/27/15 5:00 AM,40.64004573
11/27/15 6:00 AM,35.91884724
11/27/15 7:00 AM,48.92938241
11/27/15 8:00 AM,25.11840199
11/27/15 9:00 AM,34.98136243
11/27/15 10:00 AM,8.636696774
11/27/15 11:00 AM,59.95926727
11/27/15 12:00 PM,18.64376615
11/27/15 1:00 PM,17.15575618
11/27/15 2:00 PM,5.500305978
11/27/15 3:00 PM,14.50519722
11/27/15 4:00 PM,24.88343034
11/27/15 5:00 PM,54.7448781
11/27/15 6:00 PM,55.73561557
11/27/15 7:00 PM,32.25641294
11/27/15 8:00 PM,38.95600957
11/27/15 9:00 PM,60.02095587
11/27/15 10:00 PM,69.42540177
11/27/15 11:00 PM,8.688083672
11/28/15 12:00 AM,42.97029444
11/28/15 1:00 AM,27.72754514
11/28/15 2:00 AM,38.96285399
11/28/15 3:00 AM,13.36561155
11/28/15 4:00 AM,31.81955838
11/28/15 5:00 AM,33.10306272
11/28/15 6:00 AM,30.92493945
11/28/15 7:00 AM,26.30820144
11/28/15 8:00 AM,9.565703577
11/28/15 9:00 AM,13.83070892
11/28/15 10:00 AM,48.52707781
11/28/15 11:00 AM,29.34129956
11/28/15 12:00 PM,56.40246942
11/28/15 1:00 PM,24.98543937
11/28/15 2:00 PM,36.64418339
11/28/15 3:00 PM,26.09859758
11/28/15 4:00 PM,24.0202125
11/28/15 5:00 PM,50.83175585
11/28/15 6:00 PM,56.77099451
11/28/15 7:00 PM,47.02347398
11/28/15 8:00 PM,59.28030478
11/28/15 9:00 PM,37.45318246
11/28/15 10:00 PM,72.102666
11/28/15 11:00 PM,30.34848298
11/29/15 12:00 AM,53.80504693
11/29/15 1:00 AM,22.45643714
11/29/15 2:00 AM,60.53438322
11/29/15 3:00 AM,16.08849032
11/29/15 4:00 AM,36.38243702
11/29/15 5:00 AM,59.2461211
11/29/15 6:00 AM,45.07721379
11/29/15 7:00 AM,45.12094121
11/29/15 8:00 AM,38.23243343
11/29/15 9:00 AM,19.46561769
11/29/15 10:00 AM,38.23036693
11/29/15 11:00 AM,18.69093179
11/29/15 12:00 PM,20.76963602
11/29/15 1:00 PM,61.13505451
11/29/15 2:00 PM,27.9155171
11/29/15 3:00 PM,30.52016055
11/29/15 4:00 PM,28.82484565
11/29/15 5:00 PM,69.57185484
11/29/15 6:00 PM,37.3613976
11/29/15 7:00 PM,38.28227482
11/29/15 8:00 PM,46.35658649
11/29/15 9:00 PM,24.05649681
11/29/15 10:00 PM,53.19813902
11/29/15 11:00 PM,35.25273042
11/30/15 12:00 AM,43.60755324
11/30/15 1:00 AM,60.17488241
11/30/15 2:00 AM,17.93553181
11/30/15 3:00 AM,68.51769201
11/30/15 4:00 AM,29.96275357
11/30/15 5:00 AM,61.86210428
11/30/15 6:00 AM,20.98996776
11/30/15 7:00 AM,60.4102009
11/30/15 8:00 AM,59.574523
11/30/15 9:00 AM,56.01873551
11/30/15 10:00 AM,24.07146778
11/30/15 11:00 AM,49.37700739
11/30/15 12:00 PM,38.42969508
11/30/15 1:00 PM,26.26192817
11/30/15 2:00 PM,66.24523356
11/30/15 3:00 PM,32.91748105
11/30/15 4:00 PM,25.10336256
11/30/15 5:00 PM,27.79158106
11/30/15 6:00 PM,46.18580472
11/30/15 7:00 PM,33.19758107
11/30/15 8:00 PM,45.2982591
11/30/15 9:00 PM,15.82006344
11/30/15 10:00 PM,19.49463392
11/30/15 11:00 PM,39.35054821
12/1/15 12:00 AM,39.31931363
12/1/15 1:00 AM,2.474597511
12/1/15 2:00 AM,41.59585261
12/1/15 3:00 AM,15.03048062
12/1/15 4:00 AM,71.05519142
12/1/15 5:00 AM,52.04750088
12/1/15 6:00 AM,72.87961771
12/1/15 7:00 AM,37.06847107
12/1/15 8:00 AM,34.29823492
12/1/15 9:00 AM,41.57904609
12/1/15 10:00 AM,40.66027312
12/1/15 11:00 AM,61.63574392
12/1/15 12:00 PM,43.4058534
12/1/15 1:00 PM,18.58893068
12/1/15 2:00 PM,47.89881998
12/1/15 3:00 PM,33.5265416
12/1/15 4:00 PM,53.29719538
12/1/15 5:00 PM,29.57019062
12/1/15 6:00 PM,18.81302245
12/1/15 7:00 PM,32.03276673
12/1/15 8:00 PM,43.58080178
12/1/15 9:00 PM,29.92797752
12/1/15 10:00 PM,65.72589464
12/1/15 11:00 PM,14.99765008
12/2/15 12:00 AM,21.4676343
12/2/15 1:00 AM,35.5429686
12/2/15 2:00 AM,67.45231109
12/2/15 3:00 AM,57.58993503
12/2/15 4:00 AM,35.19467249
12/2/15 5:00 AM,46.11426957
12/2/15 6:00 AM,35.04913892
12/2/15 7:00 AM,34.8558515
12/2/15 8:00 AM,31.36986546
12/2/15 9:00 AM,43.44053586
12/2/15 10:00 AM,5.292335921
12/2/15 11:00 AM,15.58885945
12/2/15 12:00 PM,45.72462226
12/2/15 1:00 PM,46.29250974
12/2/15 2:00 PM,38.48337939
12/2/15 3:00 PM,51.28708828
12/2/15 4:00 PM,35.41934688
12/2/15 5:00 PM,38.71768594
12/2/15 6:00 PM,53.18418451
12/2/15 7:00 PM,66.24500598
12/2/15 8:00 PM,40.55069484
12/2/15 9:00 PM,57.07364824
12/2/15 10:00 PM,49.2858852
12/2/15 11:00 PM,22.87404257
12/3/15 12:00 AM,46.23658509
12/3/15 1:00 AM,77.10182579
12/3/15 2:00 AM,49.77535126
12/3/15 3:00 AM,71.13453046
12/3/15 4:00 AM,58.4488597
12/3/15 5:00 AM,58.53429994
12/3/15 6:00 AM,28.55585906
12/3/15 7:00 AM,39.06266192
12/3/15 8:00 AM,16.66251923
12/3/15 9:00 AM,27.000278
12/3/15 10:00 AM,44.24649328
12/3/15 11:00 AM,72.96677224
12/3/15 12:00 PM,31.48310508
12/3/15 1:00 PM,66.81673063
12/3/15 2:00 PM,42.93665624
12/3/15 3:00 PM,33.40132613
12/3/15 4:00 PM,66.68147124
10/23/15 12:24 AM,23.36959937
10/23/15 12:40 AM,28.00288063
10/23/15 12:53 AM,23.06589479
10/23/15 12:55 AM,29.97280923
10/23/15 1:19 AM,5.997953159
10/23/15 1:23 AM,15.93522258
10/23/15 1:50 AM,26.61733034
10/23/15 1:55 AM,33.28289966
10/23/15 1:59 AM,12.42669158
10/23/15 2:51 AM,21.83349362
10/23/15 2:59 AM,8.483646689
10/23/15 3:14 AM,29.33690126
10/23/15 3:18 AM,19.80914572
10/23/15 3:22 AM,31.01974394
10/23/15 3:46 AM,18.33996247
10/23/15 3:59 AM,16.88852682
10/23/15 4:11 AM,13.66431243
10/23/15 4:45 AM,17.30007387
10/23/15 5:05 AM,23.26098394
10/23/15 5:13 AM,8.152496309
10/23/15 5:14 AM,19.87562778
10/23/15 5:15 AM,32.88649889
10/23/15 5:16 AM,22.26036444
10/23/15 5:32 AM,5.778368847
10/23/15 5:42 AM,32.54555669
10/23/15 5:44 AM,30.68774413
10/23/15 5:45 AM,29.08090662
10/23/15 6:03 AM,30.04778448
10/23/15 6:17 AM,5.752455811
10/23/15 6:33 AM,30.41416216
10/23/15 6:33 AM,26.17571605
10/23/15 6:38 AM,27.15530664
10/23/15 6:42 AM,13.60594289
10/23/15 6:56 AM,11.18456839
10/23/15 6:59 AM,20.38305735
10/23/15 7:36 AM,13.40533112
10/23/15 7:55 AM,14.46109144
10/23/15 7:56 AM,27.23467132
10/23/15 8:11 AM,9.089497725
10/23/15 8:26 AM,29.16238444
10/23/15 8:58 AM,24.12321412
10/23/15 9:00 AM,6.207443293
10/23/15 9:11 AM,27.66692271
10/23/15 9:35 AM,29.78189804
10/23/15 10:01 AM,19.03546285
10/23/15 10:05 AM,14.53905471
10/23/15 10:35 AM,16.30482868
10/23/15 11:02 AM,9.08959963
10/23/15 11:03 AM,24.16047829
10/23/15 11:38 AM,33.01343631
10/23/15 12:05 PM,14.92475759
10/23/15 12:35 PM,20.68846635
10/23/15 12:51 PM,25.39630585
10/23/15 1:33 PM,21.66180029
10/23/15 1:38 PM,23.21409339
10/23/15 1:43 PM,3.811188938
10/23/15 2:02 PM,37.30005616
10/23/15 2:09 PM,26.46850047
10/23/15 2:10 PM,30.53222983
10/23/15 2:25 PM,10.91088626
10/23/15 2:36 PM,31.53455711
10/23/15 2:47 PM,13.55252532
10/23/15 3:14 PM,27.48579235
10/23/15 3:36 PM,19.13678738
10/23/15 3:39 PM,26.37121527
10/23/15 3:51 PM,17.62375744
10/23/15 4:03 PM,26.70458369
10/23/15 4:14 PM,36.17246486
10/23/15 4:37 PM,24.1530538
10/23/15 4:39 PM,27.51091688
10/23/15 4:42 PM,34.64272785
10/23/15 4:47 PM,16.14460722
10/23/15 5:17 PM,18.21085667
10/23/15 5:29 PM,7.485977326
10/23/15 5:30 PM,14.82155442
10/23/15 6:08 PM,15.44633676
10/23/15 6:16 PM,21.08489194
10/23/15 6:19 PM,32.98534568
10/23/15 6:57 PM,13.27024449
10/23/15 7:32 PM,15.53171416
10/23/15 7:58 PM,22.67887382
10/23/15 7:58 PM,19.40460518
10/23/15 8:14 PM,23.99674505
10/23/15 8:23 PM,18.40948509
10/23/15 8:28 PM,21.74939184
10/23/15 8:28 PM,25.75967507
10/23/15 8:36 PM,20.22586893
10/23/15 8:42 PM,16.52397901
10/23/15 8:46 PM,9.328123672
10/23/15 8:51 PM,30.18602087
10/23/15 9:51 PM,15.09251271
10/23/15 10:13 PM,16.57679941
10/23/15 10:18 PM,20.8019563
10/23/15 11:03 PM,33.22043435
10/23/15 11:11 PM,3.4689863
10/23/15 11:30 PM,24.98025355
10/24/15 12:01 AM,14.89908447
10/24/15 12:11 AM,18.88271015
10/24/15 12:19 AM,14.91766564
10/24/15 12:39 AM,14.61135651
10/24/15 12:50 AM,8.291781295
10/24/15 1:01 AM,32.22485864
10/24/15 1:04 AM,12.11603994
10/24/15 1:08 AM,3.540229062
10/24/15 1:13 AM,29.9550016
10/24/15 1:15 AM,10.68547911
10/24/15 1:23 AM,4.33385896
10/24/15 1:35 AM,31.90673163
10/24/15 1:38 AM,19.85855513
10/24/15 2:14 AM,27.82364162
10/24/15 2:35 AM,30.24320419
10/24/15 2:56 AM,27.22487879
10/24/15 3:16 AM,17.35962994
10/24/15 3:20 AM,23.11463575
10/24/15 3:29 AM,17.96861582
10/24/15 3:40 AM,18.79754136
10/24/15 3:45 AM,15.54347209
10/24/15 4:03 AM,21.28969844
10/24/15 4:05 AM,14.36819369
10/24/15 4:07 AM,37.52910799
10/24/15 4:07 AM,22.40386124
10/24/15 4:08 AM,29.82571907
10/24/15 4:14 AM,28.85701473
10/24/15 4:30 AM,31.65555873
10/24/15 5:34 AM,20.61872687
10/24/15 5:49 AM,19.89530686
10/24/15 6:28 AM,17.6671981
10/24/15 6:43 AM,19.60454778
10/24/15 6:51 AM,13.29233447
10/24/15 7:22 AM,32.91656787
10/24/15 7:43 AM,30.53094753
10/24/15 7:46 AM,15.63031992
10/24/15 7:50 AM,36.0948512
10/24/15 7:55 AM,14.727994
10/24/15 8:09 AM,35.61523011
10/24/15 8:13 AM,3.374229822
10/24/15 8:22 AM,28.99439311
10/24/15 8:30 AM,8.709073328
10/24/15 8:36 AM,12.16612856
10/24/15 8:55 AM,25.88077164
10/24/15 8:59 AM,15.91464812
10/24/15 9:03 AM,35.387907
10/24/15 9:14 AM,32.58866164
10/24/15 9:23 AM,9.715206067
10/24/15 9:32 AM,19.99090213
10/24/15 9:43 AM,35.7389279
10/24/15 10:00 AM,12.30226658
10/24/15 10:02 AM,17.44070859
10/24/15 10:13 AM,8.191573693
10/24/15 10:32 AM,5.744445635
10/24/15 10:43 AM,5.611852602
10/24/15 11:48 AM,13.57364068
10/24/15 12:14 PM,8.347535501
10/24/15 12:17 PM,5.136541564
10/24/15 12:24 PM,20.70956401
10/24/15 12:36 PM,7.565246328
10/24/15 12:52 PM,29.6240845
10/24/15 1:00 PM,29.71312061
10/24/15 1:12 PM,18.4567765
10/24/15 1:23 PM,11.26464817
10/24/15 1:50 PM,12.52469172
10/24/15 1:50 PM,13.84715039
10/24/15 2:53 PM,11.84476133
10/24/15 3:42 PM,13.68862467
10/24/15 4:01 PM,14.01454824
10/24/15 4:11 PM,19.48763977
10/24/15 4:29 PM,13.49367058
10/24/15 4:31 PM,30.57302512
10/24/15 4:43 PM,30.07013257
10/24/15 4:45 PM,23.00135888
10/24/15 4:46 PM,15.64068141
10/24/15 4:54 PM,15.54125517
10/24/15 5:16 PM,13.01038235
10/24/15 5:21 PM,21.03433121
10/24/15 5:29 PM,10.53389108
10/24/15 5:32 PM,16.16342495
10/24/15 5:34 PM,9.205655885
10/24/15 5:44 PM,21.88013996
10/24/15 6:02 PM,21.0990172
10/24/15 6:08 PM,23.83843095
10/24/15 6:09 PM,13.84071749
10/24/15 6:43 PM,13.50042027
10/24/15 6:52 PM,9.027780074
10/24/15 7:03 PM,25.10609165
10/24/15 7:17 PM,26.20250108
10/24/15 7:20 PM,26.4145281
10/24/15 7:34 PM,13.36779946
10/24/15 8:05 PM,19.21033595
10/24/15 8:06 PM,9.513509156
10/24/15 8:08 PM,19.58852571
10/24/15 8:13 PM,25.18274097
10/24/15 8:21 PM,25.70647538
10/24/15 8:55 PM,13.2416927
10/24/15 9:01 PM,15.24965751
10/24/15 9:10 PM,18.65085432
10/24/15 9:42 PM,11.66389475
10/24/15 9:49 PM,15.96730439
10/24/15 10:22 PM,26.24378038
10/24/15 10:25 PM,22.1975604
10/24/15 10:44 PM,11.20725722
10/24/15 10:46 PM,21.14507031
10/24/15 10:47 PM,19.28444042
10/24/15 10:57 PM,14.16306322
10/24/15 11:16 PM,9.450620033
10/24/15 11:17 PM,18.43413962
10/25/15 12:01 AM,24.41724823
10/25/15 12:15 AM,22.3286966
10/25/15 12:17 AM,27.56942491
10/25/15 12:24 AM,18.7783837
10/25/15 12:40 AM,29.69536862
10/25/15 12:51 AM,28.22471516
10/25/15 12:56 AM,20.56809034
10/25/15 1:03 AM,12.52887422
10/25/15 1:09 AM,23.41629773
10/25/15 1:24 AM,35.7742025
10/25/15 1:30 AM,35.01758838
10/25/15 1:36 AM,15.85455555
10/25/15 1:53 AM,24.58359977
10/25/15 1:57 AM,16.5823125
10/25/15 2:01 AM,36.78513075
10/25/15 2:09 AM,11.39624125
10/25/15 2:57 AM,21.78693896
10/25/15 3:01 AM,19.48479047
10/25/15 3:49 AM,17.89514184
10/25/15 4:20 AM,29.72670424
10/25/15 4:28 AM,6.365252184
10/25/15 4:51 AM,23.27200064
10/25/15 5:16 AM,11.1542728
10/25/15 5:35 AM,29.47785405
10/25/15 5:51 AM,19.35737954
10/25/15 5:56 AM,35.990674
10/25/15 6:06 AM,3.876220877
10/25/15 6:07 AM,23.61034827
10/25/15 6:17 AM,15.83755842
10/25/15 6:27 AM,17.83102686
10/25/15 6:32 AM,23.21258456
10/25/15 7:02 AM,12.49266538
10/25/15 7:12 AM,17.19426553
10/25/15 7:54 AM,11.12279485
10/25/15 7:57 AM,19.54218252
10/25/15 8:05 AM,16.2035655
10/25/15 8:12 AM,22.44475143
10/25/15 8:26 AM,38.91254261
10/25/15 9:09 AM,25.51218028
10/25/15 10:06 AM,9.937114932
10/25/15 10:42 AM,11.08587836
10/25/15 10:54 AM,20.62989113
10/25/15 10:57 AM,21.64139229
10/25/15 11:07 AM,25.92765199
10/25/15 11:10 AM,13.84044351
10/25/15 11:25 AM,20.86695084
10/25/15 11:38 AM,10.9241715
10/25/15 12:33 PM,11.2099596
10/25/15 12:55 PM,14.21507941
10/25/15 12:56 PM,27.21424238
10/25/15 12:58 PM,32.05120884
10/25/15 1:05 PM,38.15345232
10/25/15 1:10 PM,24.80075575
10/25/15 1:32 PM,16.68250487
10/25/15 1:33 PM,12.9633758
10/25/15 1:44 PM,11.77286132
10/25/15 2:05 PM,18.64684432
10/25/15 2:06 PM,22.65793816
10/25/15 2:20 PM,15.82515986
10/25/15 2:22 PM,19.60283912
10/25/15 2:30 PM,23.14321344
10/25/15 2:31 PM,12.98941923
10/25/15 2:40 PM,27.76228289
10/25/15 2:51 PM,29.33967373
10/25/15 2:52 PM,14.26203822
10/25/15 3:00 PM,16.89575539
10/25/15 3:03 PM,22.53643824
10/25/15 3:20 PM,27.87383788
10/25/15 3:46 PM,5.766525078
10/25/15 3:53 PM,27.4369802
10/25/15 4:06 PM,4.951878293
10/25/15 4:55 PM,21.60230796
10/25/15 5:08 PM,29.97435631
10/25/15 6:13 PM,36.04084645
10/25/15 6:20 PM,13.59047141
10/25/15 6:24 PM,24.40562252
10/25/15 6:59 PM,21.54315966
10/25/15 7:42 PM,7.03430103
10/25/15 7:43 PM,16.01895172
10/25/15 7:45 PM,6.464794916
10/25/15 7:52 PM,20.01593208
10/25/15 7:59 PM,23.87217153
10/25/15 8:20 PM,6.801016702
10/25/15 8:45 PM,17.63964286
10/25/15 9:07 PM,14.14640658
10/25/15 9:20 PM,29.20734358
10/25/15 9:34 PM,23.08604408
10/25/15 9:34 PM,18.68516508
10/25/15 9:46 PM,11.51915844
10/25/15 9:58 PM,16.77893541
10/25/15 10:05 PM,22.86136488
10/25/15 10:22 PM,4.477698272
10/25/15 10:40 PM,30.36492844
10/25/15 11:42 PM,18.09710349
10/25/15 11:49 PM,21.40719056
10/26/15 12:15 AM,21.83004965
10/26/15 12:20 AM,35.11199877
10/26/15 12:22 AM,16.47431429
10/26/15 12:55 AM,28.94805801
10/26/15 1:02 AM,17.41020076
10/26/15 1:11 AM,5.650082827
10/26/15 1:11 AM,27.11921713
10/26/15 1:20 AM,34.37713114
10/26/15 1:29 AM,31.51382602
10/26/15 1:30 AM,10.15008981
10/26/15 1:34 AM,23.25743523
10/26/15 1:34 AM,21.37349365
10/26/15 1:50 AM,22.29312486
10/26/15 2:00 AM,17.96174446
10/26/15 2:06 AM,10.53526664
10/26/15 2:12 AM,27.96800677
10/26/15 2:25 AM,7.909215452
10/26/15 2:32 AM,23.58937124
10/26/15 2:39 AM,32.88286619
10/26/15 3:02 AM,16.12702646
10/26/15 3:04 AM,2.424413444
10/26/15 3:07 AM,13.96595541
10/26/15 3:08 AM,11.29350806
10/26/15 3:11 AM,20.31820443
10/26/15 3:33 AM,9.687025446
10/26/15 3:43 AM,12.31370599
10/26/15 3:43 AM,26.62791154
10/26/15 3:45 AM,6.605821141
10/26/15 4:06 AM,22.55301223
10/26/15 4:31 AM,6.362539484
10/26/15 4:34 AM,1.880352143
10/26/15 4:37 AM,7.806598946
10/26/15 4:40 AM,28.38883324
10/26/15 4:48 AM,24.33745676
10/26/15 5:30 AM,20.70287252
10/26/15 5:54 AM,8.760748033
10/26/15 6:01 AM,20.35398073
10/26/15 6:10 AM,7.440056862
10/26/15 6:19 AM,24.3052992
10/26/15 6:24 AM,20.19921747
10/26/15 6:27 AM,26.89077525
10/26/15 6:35 AM,13.72062978
10/26/15 6:44 AM,22.51692236
10/26/15 6:46 AM,26.23666032
10/26/15 6:54 AM,6.164735632
10/26/15 7:12 AM,29.22542275
10/26/15 7:18 AM,2.541620217
10/26/15 7:27 AM,19.74884331
10/26/15 7:28 AM,18.62994693
10/26/15 7:30 AM,21.49280654
10/26/15 8:05 AM,30.67661531
10/26/15 8:07 AM,27.7435911
10/26/15 8:25 AM,11.15597885
10/26/15 8:48 AM,35.67364089
10/26/15 9:00 AM,24.08361837
10/26/15 9:22 AM,29.33989073
10/26/15 9:23 AM,9.010885836
10/26/15 9:24 AM,12.93498325
10/26/15 9:49 AM,17.53101913
10/26/15 9:52 AM,31.82239217
10/26/15 10:05 AM,19.06847596
10/26/15 10:06 AM,6.142128316
10/26/15 10:09 AM,15.91432924
10/26/15 10:12 AM,19.7334538
10/26/15 10:26 AM,7.167233298
10/26/15 10:45 AM,17.04163344
10/26/15 10:49 AM,37.30732208
10/26/15 11:35 AM,9.97111034
10/26/15 11:57 AM,23.9963221
10/26/15 12:05 PM,28.63664931
10/26/15 12:57 PM,14.54335774
10/26/15 1:04 PM,26.00635978
10/26/15 1:11 PM,11.98316774
10/26/15 1:16 PM,11.31786835
10/26/15 1:21 PM,18.35819118
10/26/15 1:52 PM,18.57501573
10/26/15 2:02 PM,13.29335846
10/26/15 2:03 PM,15.59706898
10/26/15 2:05 PM,11.56062796
10/26/15 2:15 PM,21.92380129
10/26/15 2:28 PM,30.10458304
10/26/15 3:02 PM,19.98294931
10/26/15 3:12 PM,5.951357887
10/26/15 3:27 PM,18.42860186
10/26/15 3:38 PM,31.81291505
10/26/15 3:42 PM,24.24428198
10/26/15 4:15 PM,20.47210751
10/26/15 4:29 PM,28.8279246
10/26/15 4:46 PM,19.62881377
10/26/15 5:43 PM,19.7795958
10/26/15 6:11 PM,29.54558935
10/26/15 6:16 PM,10.45831534
10/26/15 6:19 PM,25.87171412
10/26/15 6:28 PM,7.309850725
10/26/15 6:30 PM,22.87113572
10/26/15 6:46 PM,23.01688709
10/26/15 6:52 PM,31.88812488
10/26/15 6:52 PM,15.87245575
10/26/15 7:02 PM,21.73685504
10/26/15 7:03 PM,35.64061083
10/26/15 7:15 PM,20.43409461
10/26/15 7:16 PM,38.36425117
10/26/15 7:22 PM,19.91696849
10/26/15 7:27 PM,19.90952596
10/26/15 7:48 PM,19.73700073
10/26/15 7:53 PM,25.49921792
10/26/15 8:54 PM,12.09941358
10/26/15 9:41 PM,21.34720923
10/26/15 9:50 PM,15.69720871
10/26/15 10:03 PM,22.1181423
10/26/15 10:09 PM,37.68146078
10/26/15 10:16 PM,18.01742791
10/26/15 10:29 PM,20.81427754
10/26/15 10:45 PM,20.33449813
10/26/15 11:03 PM,12.33877898
10/26/15 11:13 PM,30.8261752
10/26/15 11:57 PM,34.62444487
10/26/15 11:59 PM,10.14376593
10/27/15 12:12 AM,20.92108908
10/27/15 12:21 AM,4.161075695
10/27/15 12:23 AM,22.09502253
10/27/15 12:41 AM,28.21017335
10/27/15 1:08 AM,17.57307799
10/27/15 1:13 AM,24.89825987
10/27/15 1:54 AM,29.09639206
10/27/15 2:06 AM,24.6640653
10/27/15 2:28 AM,18.22964739
10/27/15 2:50 AM,27.045116
10/27/15 3:11 AM,22.71110512
10/27/15 3:17 AM,21.89231333
10/27/15 3:28 AM,1.834943181
10/27/15 3:34 AM,11.67249359
10/27/15 3:35 AM,22.45728012
10/27/15 3:42 AM,15.33439879
10/27/15 3:54 AM,30.45379366
10/27/15 3:59 AM,18.5153466
10/27/15 4:03 AM,27.86221753
10/27/15 4:21 AM,22.07540213
10/27/15 4:23 AM,16.5774646
10/27/15 4:46 AM,33.91774796
10/27/15 5:09 AM,26.77147868
10/27/15 5:20 AM,16.97598272
10/27/15 5:31 AM,5.896884343
10/27/15 5:33 AM,9.704311548
10/27/15 5:44 AM,19.88871609
10/27/15 5:45 AM,12.17662886
10/27/15 5:51 AM,17.78969151
10/27/15 6:09 AM,20.18256007
10/27/15 6:20 AM,7.297558272
10/27/15 6:51 AM,19.07303123
10/27/15 6:54 AM,23.09800671
10/27/15 6:54 AM,18.41699262
10/27/15 7:03 AM,11.41774758
10/27/15 7:11 AM,25.30204006
10/27/15 7:13 AM,10.35535027
10/27/15 7:15 AM,16.87563965
10/27/15 7:26 AM,28.26122965
10/27/15 7:28 AM,26.79471584
10/27/15 7:43 AM,1.840050675
10/27/15 7:44 AM,22.78022897
10/27/15 7:45 AM,22.9133705
10/27/15 7:48 AM,23.50207737
10/27/15 8:09 AM,20.59785556
10/27/15 8:24 AM,15.74284341
10/27/15 8:39 AM,4.300934694
10/27/15 8:39 AM,14.75123267
10/27/15 8:58 AM,13.10600692
10/27/15 9:46 AM,13.32903361
10/27/15 10:23 AM,16.58342351
10/27/15 10:33 AM,16.8275037
10/27/15 10:43 AM,12.24957156
10/27/15 11:58 AM,23.70607256
10/27/15 12:40 PM,25.66000089
10/27/15 12:44 PM,35.46255135
10/27/15 12:51 PM,12.64427548
10/27/15 12:54 PM,14.06670742
10/27/15 12:55 PM,25.78995266
10/27/15 1:05 PM,19.5183562
10/27/15 1:06 PM,12.34267931
10/27/15 1:10 PM,26.81000461
10/27/15 1:24 PM,12.99937373
10/27/15 1:38 PM,21.5577622
10/27/15 1:44 PM,22.69833866
10/27/15 2:06 PM,22.29199494
10/27/15 2:27 PM,20.13342405
10/27/15 3:26 PM,24.90814478
10/27/15 3:29 PM,31.19074353
10/27/15 3:34 PM,22.44825683
10/27/15 3:56 PM,16.16564297
10/27/15 4:31 PM,17.54457399
10/27/15 4:38 PM,24.4878867
10/27/15 4:38 PM,35.75857517
10/27/15 6:00 PM,22.13004158
10/27/15 6:21 PM,3.823961394
10/27/15 6:33 PM,21.36636007
10/27/15 6:35 PM,28.95642028
10/27/15 7:35 PM,30.5301294
10/27/15 7:47 PM,9.887806326
10/27/15 8:01 PM,34.6006548
10/27/15 8:01 PM,20.51751986
10/27/15 8:13 PM,28.40977971
10/27/15 8:25 PM,22.41012007
10/27/15 8:31 PM,18.89081315
10/27/15 8:40 PM,16.66153667
10/27/15 8:43 PM,17.73441544
10/27/15 8:44 PM,32.64564709
10/27/15 8:49 PM,7.219723702
10/27/15 8:53 PM,12.91867983
10/27/15 9:14 PM,25.43975578
10/27/15 9:23 PM,15.55178627
10/27/15 9:39 PM,19.76501973
10/27/15 9:55 PM,16.45769017
10/27/15 10:55 PM,10.29317587
10/27/15 11:11 PM,1.781904107
10/27/15 11:37 PM,19.8807956
10/27/15 11:50 PM,13.01142037
10/27/15 11:57 PM,19.13229996
10/28/15 1:11 AM,15.04615063
10/28/15 1:25 AM,37.35275938
10/28/15 1:32 AM,13.06274315
10/28/15 1:32 AM,34.84258922
10/28/15 1:48 AM,20.422971
10/28/15 2:19 AM,31.74975953
10/28/15 2:22 AM,33.80122296
10/28/15 2:52 AM,19.9383202
10/28/15 2:59 AM,13.60391583
10/28/15 3:15 AM,11.82592744
10/28/15 3:44 AM,13.56269703
10/28/15 3:52 AM,20.34201451
10/28/15 4:05 AM,28.63202182
10/28/15 4:06 AM,34.69998952
10/28/15 4:28 AM,35.01563631
10/28/15 4:40 AM,25.31276253
10/28/15 4:54 AM,27.38010816
10/28/15 4:58 AM,8.946982837
10/28/15 4:59 AM,23.72963562
10/28/15 5:17 AM,20.3906299
10/28/15 5:21 AM,16.25903933
10/28/15 5:28 AM,13.63556473
10/28/15 5:52 AM,29.24195889
10/28/15 5:53 AM,14.46757127
10/28/15 5:57 AM,14.12417909
10/28/15 5:57 AM,22.9796744
10/28/15 6:11 AM,13.44379031
10/28/15 6:18 AM,27.59837258
10/28/15 6:39 AM,20.44502866
10/28/15 6:41 AM,15.75554103
10/28/15 6:43 AM,9.550569864
10/28/15 6:52 AM,15.50554256
10/28/15 7:28 AM,13.62723554
10/28/15 7:39 AM,9.594463313
10/28/15 7:52 AM,24.91103368
10/28/15 7:57 AM,20.90740184
10/28/15 8:05 AM,13.71614079
10/28/15 8:21 AM,17.90530061
10/28/15 8:29 AM,20.65483812
10/28/15 8:43 AM,7.000298377
10/28/15 9:26 AM,10.06053064
10/28/15 9:59 AM,29.1304916
10/28/15 10:05 AM,18.13486667
10/28/15 10:21 AM,31.44703251
10/28/15 10:22 AM,6.563566671
10/28/15 10:35 AM,26.08620066
10/28/15 11:00 AM,24.15413309
10/28/15 11:32 AM,24.04146359
10/28/15 11:52 AM,21.02649383
10/28/15 11:57 AM,4.56194674
10/28/15 12:15 PM,9.12986704
10/28/15 12:16 PM,18.89490357
10/28/15 12:45 PM,13.38634593
10/28/15 12:54 PM,23.99110863
10/28/15 12:58 PM,10.0179091
10/28/15 1:11 PM,11.15172387
10/28/15 1:24 PM,13.99982938
10/28/15 1:37 PM,16.60161967
10/28/15 1:43 PM,32.98699862
10/28/15 1:46 PM,21.43297011
10/28/15 1:56 PM,31.913805
10/28/15 1:57 PM,10.66539066
10/28/15 2:08 PM,22.65286686
10/28/15 2:21 PM,13.86361322
10/28/15 2:25 PM,27.36102299
10/28/15 2:53 PM,22.98468058
10/28/15 2:58 PM,10.89459812
10/28/15 3:17 PM,33.21124549
10/28/15 3:53 PM,22.43277837
10/28/15 3:58 PM,24.16984843
10/28/15 4:18 PM,31.47841139
10/28/15 4:37 PM,7.055753842
10/28/15 4:47 PM,22.50528509
10/28/15 4:56 PM,11.69596627
10/28/15 5:04 PM,25.05027536
10/28/15 5:26 PM,16.62063183
10/28/15 5:28 PM,27.09773719
10/28/15 6:04 PM,28.45389279
10/28/15 6:05 PM,24.90966626
10/28/15 6:06 PM,19.05243043
10/28/15 6:28 PM,17.45329526
10/28/15 6:39 PM,10.78787362
10/28/15 6:48 PM,26.56429003
10/28/15 6:51 PM,17.33255
10/28/15 7:12 PM,6.90645723
10/28/15 7:26 PM,28.44588471
10/28/15 7:34 PM,18.75192549
10/28/15 7:40 PM,25.1127322
10/28/15 7:54 PM,5.455783924
10/28/15 8:34 PM,26.85895419
10/28/15 9:20 PM,20.75623182
10/28/15 9:47 PM,27.51480154
10/28/15 9:54 PM,8.121486395
10/28/15 10:08 PM,32.43013734
10/28/15 10:21 PM,7.281896499
10/28/15 10:25 PM,35.14064254
10/28/15 10:37 PM,9.679448317
10/28/15 10:55 PM,26.06928147
10/28/15 11:03 PM,22.20875359
10/28/15 11:35 PM,14.43649931
10/28/15 11:36 PM,14.4074422
10/28/15 11:39 PM,32.35141706
10/28/15 11:43 PM,25.33710157
10/28/15 11:48 PM,34.40553147
10/29/15 12:08 AM,5.629218742
10/29/15 12:11 AM,8.838351383
10/29/15 12:12 AM,36.41677222
10/29/15 12:31 AM,31.40489122
10/29/15 12:56 AM,10.10405117
10/29/15 1:18 AM,26.65263878
10/29/15 1:29 AM,31.60753259
10/29/15 1:36 AM,14.05788304
10/29/15 1:50 AM,14.66997302
10/29/15 2:22 AM,10.86081799
10/29/15 3:05 AM,19.70740107
10/29/15 3:09 AM,12.7678928
10/29/15 3:18 AM,11.40674116
10/29/15 3:53 AM,6.829390992
10/29/15 4:25 AM,18.6269823
10/29/15 4:35 AM,25.24925514
10/29/15 4:38 AM,20.06618128
10/29/15 4:58 AM,32.63324298
10/29/15 5:03 AM,19.81599401
10/29/15 5:35 AM,7.393302521
10/29/15 5:35 AM,30.07925614
10/29/15 5:53 AM,11.4130759
10/29/15 6:30 AM,11.6979017
10/29/15 6:45 AM,31.19037249
10/29/15 7:10 AM,20.63944955
10/29/15 7:42 AM,18.34517518
10/29/15 7:47 AM,13.4683838
10/29/15 7:49 AM,23.13239248
10/29/15 7:56 AM,25.34728192
10/29/15 8:03 AM,9.15985261
10/29/15 8:13 AM,20.83125755
10/29/15 8:50 AM,20.81304694
10/29/15 8:52 AM,11.68493527
10/29/15 8:52 AM,16.81054202
10/29/15 9:00 AM,20.08318266
10/29/15 9:07 AM,9.500211919
10/29/15 9:14 AM,22.86569148
10/29/15 9:22 AM,11.3150272
10/29/15 9:27 AM,10.9337673
10/29/15 9:54 AM,12.68789544
10/29/15 10:03 AM,12.94612499
10/29/15 10:25 AM,8.493317469
10/29/15 10:31 AM,14.02629809
10/29/15 10:36 AM,17.01409738
10/29/15 11:15 AM,36.14092982
10/29/15 11:15 AM,26.71734272
10/29/15 11:40 AM,13.07806285
10/29/15 11:42 AM,19.87927076
10/29/15 11:44 AM,22.0176637
10/29/15 11:46 AM,15.96634425
10/29/15 12:24 PM,26.32287844
10/29/15 12:36 PM,10.8813093
10/29/15 12:54 PM,36.76716746
10/29/15 12:57 PM,18.17858082
10/29/15 12:58 PM,22.24343436
10/29/15 1:28 PM,27.44350109
10/29/15 1:47 PM,7.416417715
10/29/15 2:06 PM,35.31474999
10/29/15 2:11 PM,26.10249331
10/29/15 2:19 PM,26.9957119
10/29/15 2:34 PM,26.17110254
10/29/15 2:56 PM,26.39320971
10/29/15 3:05 PM,6.113278717
10/29/15 3:08 PM,33.32111247
10/29/15 3:25 PM,3.437276945
10/29/15 3:37 PM,15.56865963
10/29/15 4:24 PM,12.62689025
10/29/15 4:26 PM,23.72623584
10/29/15 4:26 PM,8.220824384
10/29/15 4:32 PM,33.72273832
10/29/15 5:26 PM,17.73711781
10/29/15 5:51 PM,27.58660497
10/29/15 5:57 PM,28.58194661
10/29/15 6:07 PM,33.39572864
10/29/15 6:11 PM,15.35450083
10/29/15 6:15 PM,23.92933555
10/29/15 6:20 PM,5.771780075
10/29/15 6:48 PM,4.210084387
10/29/15 7:00 PM,34.20175512
10/29/15 7:01 PM,18.11871841
10/29/15 7:23 PM,11.83820177
10/29/15 7:31 PM,28.05503795
10/29/15 7:33 PM,38.82423391
10/29/15 8:23 PM,20.18361721
10/29/15 8:31 PM,20.25291998
10/29/15 8:56 PM,24.07913572
10/29/15 9:14 PM,20.67588114
10/29/15 9:35 PM,18.58183417
10/29/15 9:36 PM,3.005561528
10/29/15 9:47 PM,17.44617958
10/29/15 9:59 PM,17.69274915
10/29/15 10:10 PM,20.88125096
10/29/15 10:48 PM,21.11293297
10/29/15 11:19 PM,22.7731555
10/29/15 11:50 PM,10.67128622
10/29/15 11:53 PM,27.38501614
10/30/15 12:05 AM,21.03939801
10/30/15 12:13 AM,29.35182179
10/30/15 12:32 AM,26.71434613
10/30/15 12:52 AM,33.4610798
10/30/15 1:20 AM,15.76392076
10/30/15 1:40 AM,22.89347495
10/30/15 2:19 AM,14.91333906
10/30/15 2:19 AM,16.88144495
10/30/15 2:20 AM,21.3061195
10/30/15 2:29 AM,11.06857864
10/30/15 2:43 AM,23.51095997
10/30/15 2:50 AM,12.42656694
10/30/15 2:55 AM,9.803670567
10/30/15 2:56 AM,13.6019795
10/30/15 3:08 AM,15.30812223
10/30/15 3:26 AM,12.29330828
10/30/15 3:31 AM,25.18777554
10/30/15 3:52 AM,25.20036056
10/30/15 4:01 AM,26.05090657
10/30/15 4:10 AM,16.04149186
10/30/15 4:12 AM,9.716073724
10/30/15 4:22 AM,22.03244649
10/30/15 4:30 AM,32.17546591
10/30/15 4:48 AM,8.824220537
10/30/15 5:01 AM,16.41699558
10/30/15 5:30 AM,26.74180183
10/30/15 6:35 AM,28.65317115
10/30/15 7:07 AM,17.61689087
10/30/15 7:09 AM,32.16587895
10/30/15 7:09 AM,15.81435101
10/30/15 7:27 AM,13.98287388
10/30/15 7:31 AM,13.22900207
10/30/15 8:24 AM,25.82170659
10/30/15 8:27 AM,20.10394711
10/30/15 8:31 AM,19.84090449
10/30/15 8:44 AM,15.15423275
10/30/15 8:44 AM,15.31999446
10/30/15 8:52 AM,12.45203509
10/30/15 9:00 AM,21.67497777
10/30/15 9:02 AM,16.54282208
10/30/15 9:18 AM,15.01661798
10/30/15 9:26 AM,21.00379903
10/30/15 9:26 AM,27.28029008
10/30/15 9:36 AM,15.81681287
10/30/15 9:41 AM,14.18539633
10/30/15 9:49 AM,20.2108291
10/30/15 9:55 AM,18.26620061
10/30/15 9:56 AM,7.572945442
10/30/15 10:10 AM,24.24216296
10/30/15 10:14 AM,30.22190212
10/30/15 10:15 AM,1.067302688
10/30/15 10:26 AM,24.18148014
10/30/15 10:33 AM,12.3436184
10/30/15 10:34 AM,21.24114716
10/30/15 10:40 AM,23.49420987
10/30/15 11:08 AM,17.91419188
10/30/15 11:09 AM,9.712991363
10/30/15 11:13 AM,36.83515152
10/30/15 11:15 AM,5.656042584
10/30/15 11:26 AM,7.624941202
10/30/15 11:30 AM,22.0439258
10/30/15 11:32 AM,34.05847863
10/30/15 11:49 AM,21.47760005
10/30/15 11:57 AM,37.7267622
10/30/15 12:18 PM,25.37694204
10/30/15 12:22 PM,31.8330412
10/30/15 12:23 PM,8.491810598
10/30/15 12:26 PM,27.58404729
10/30/15 12:46 PM,7.759069074
10/30/15 1:54 PM,30.2062067
10/30/15 2:04 PM,29.86882317
10/30/15 2:13 PM,28.06897852
10/30/15 2:30 PM,15.58665131
10/30/15 2:43 PM,19.25829683
10/30/15 2:50 PM,27.05377487
10/30/15 2:58 PM,17.23540467
10/30/15 3:08 PM,31.06887023
10/30/15 4:04 PM,38.38773214
10/30/15 4:12 PM,16.28730524
10/30/15 4:19 PM,33.73737986
10/30/15 4:30 PM,12.79401821
10/30/15 5:04 PM,21.55426646
10/30/15 5:04 PM,31.12345396
10/30/15 5:05 PM,22.47286641
10/30/15 5:42 PM,19.10918929
10/30/15 6:03 PM,8.965514108
10/30/15 6:19 PM,14.53876023
10/30/15 6:20 PM,6.618784453
10/30/15 6:38 PM,19.41050526
10/30/15 6:43 PM,24.58123716
10/30/15 7:18 PM,19.91345227
10/30/15 7:23 PM,14.31936487
10/30/15 7:41 PM,21.95000046
10/30/15 7:43 PM,29.37971111
10/30/15 7:48 PM,9.750124332
10/30/15 7:58 PM,19.00411214
10/30/15 8:18 PM,37.5910362
10/30/15 8:43 PM,28.46432843
10/30/15 8:49 PM,15.01570748
10/30/15 8:52 PM,22.33334148
10/30/15 9:09 PM,27.74125001
10/30/15 9:10 PM,11.64042601
10/30/15 9:16 PM,15.13578393
10/30/15 9:21 PM,22.12349398
10/30/15 9:25 PM,17.91562087
10/30/15 9:49 PM,23.95402643
10/30/15 10:19 PM,4.021746126
10/30/15 10:24 PM,9.613414908
10/30/15 10:57 PM,13.13313886
10/30/15 11:07 PM,4.952636995
10/30/15 11:16 PM,26.47420474
10/31/15 12:12 AM,4.421878613
10/31/15 12:13 AM,18.2536911
10/31/15 12:46 AM,14.48611857
10/31/15 12:51 AM,31.48478772
10/31/15 1:17 AM,12.77233697
10/31/15 1:33 AM,16.36410414
10/31/15 1:45 AM,35.45002657
10/31/15 1:48 AM,38.47967107
10/31/15 1:49 AM,27.32517319
10/31/15 1:54 AM,12.84028472
10/31/15 2:02 AM,20.80714504
10/31/15 2:46 AM,16.36969815
10/31/15 2:50 AM,28.85567399
10/31/15 3:22 AM,27.94465356
10/31/15 3:41 AM,27.44644965
10/31/15 4:25 AM,21.08197383
10/31/15 4:31 AM,24.2380552
10/31/15 5:04 AM,14.04940415
10/31/15 5:59 AM,26.55918367
10/31/15 6:00 AM,25.24296831
10/31/15 6:01 AM,34.89102642
10/31/15 6:20 AM,30.59919993
10/31/15 6:23 AM,17.3667455
10/31/15 6:42 AM,23.82134898
10/31/15 6:56 AM,11.25193415
10/31/15 7:12 AM,25.67021092
10/31/15 7:22 AM,33.43693039
10/31/15 7:50 AM,36.08264804
10/31/15 8:30 AM,10.92719266
10/31/15 8:35 AM,8.277269333
10/31/15 8:59 AM,15.41553798
10/31/15 9:21 AM,32.18158277
10/31/15 9:49 AM,2.719153869
10/31/15 9:51 AM,21.17097495
10/31/15 10:00 AM,19.8350436
10/31/15 10:37 AM,35.78224471
10/31/15 10:48 AM,20.58597705
10/31/15 11:03 AM,18.80635289
10/31/15 11:13 AM,24.83663418
10/31/15 11:21 AM,19.80627811
10/31/15 11:46 AM,30.78515745
10/31/15 11:50 AM,8.282493932
10/31/15 12:30 PM,19.72497129
10/31/15 12:57 PM,20.26865007
10/31/15 1:01 PM,22.27892528
10/31/15 1:03 PM,12.36764625
10/31/15 1:14 PM,24.37200428
10/31/15 1:49 PM,20.62125313
10/31/15 1:59 PM,14.75119164
10/31/15 2:00 PM,10.40862432
10/31/15 2:20 PM,31.94511946
10/31/15 3:02 PM,8.037940861
10/31/15 3:07 PM,26.54151534
10/31/15 3:33 PM,13.90897304
10/31/15 3:52 PM,14.73700224
10/31/15 3:55 PM,28.77156398
10/31/15 4:26 PM,24.55498306
10/31/15 4:35 PM,15.01101588
10/31/15 4:53 PM,24.00061566
10/31/15 5:29 PM,27.58984226
10/31/15 5:31 PM,35.71311854
10/31/15 5:37 PM,19.49504634
10/31/15 5:49 PM,21.30304393
10/31/15 5:54 PM,21.03109544
10/31/15 6:38 PM,12.59488654
10/31/15 6:40 PM,15.80767191
10/31/15 6:50 PM,9.259208798
10/31/15 6:52 PM,16.78274435
10/31/15 6:55 PM,14.81588162
10/31/15 6:56 PM,11.63625029
10/31/15 7:15 PM,24.21343482
10/31/15 7:21 PM,14.48691589
10/31/15 7:24 PM,32.72881939
10/31/15 7:26 PM,15.30223371
10/31/15 7:28 PM,7.959236976
10/31/15 7:42 PM,31.369263
10/31/15 8:11 PM,7.349745103
10/31/15 8:23 PM,15.01071008
10/31/15 8:28 PM,27.26256641
10/31/15 8:30 PM,20.51755184
10/31/15 8:44 PM,20.45272019
10/31/15 9:07 PM,27.38965093
10/31/15 10:04 PM,11.40049785
10/31/15 10:19 PM,12.39662909
10/31/15 10:21 PM,11.77430214
10/31/15 10:59 PM,27.60628473
10/31/15 11:19 PM,28.46773276
10/31/15 11:25 PM,31.24425485
10/31/15 11:45 PM,14.23719595
10/31/15 11:46 PM,11.71953271
10/31/15 11:59 PM,15.84701733
11/1/15 12:06 AM,7.076831125
11/1/15 12:29 AM,23.65024326
11/1/15 12:46 AM,30.89152239
11/1/15 12:48 AM,23.07034293
11/1/15 1:13 AM,16.9258153
11/1/15 1:25 AM,26.97527575
11/1/15 1:31 AM,10.37604488
11/1/15 1:39 AM,25.2146646
11/1/15 2:03 AM,14.02272093
11/1/15 2:39 AM,29.02927417
11/1/15 3:23 AM,12.81785267
11/1/15 3:41 AM,27.13706751
11/1/15 3:55 AM,13.7155167
11/1/15 4:03 AM,11.1330349
11/1/15 4:57 AM,22.61098452
11/1/15 6:00 AM,24.38811504
11/1/15 6:13 AM,21.68401656
11/1/15 6:16 AM,4.294391808
11/1/15 7:12 AM,29.91872984
11/1/15 7:46 AM,19.28199771
11/1/15 7:48 AM,19.49542412
11/1/15 8:05 AM,1.335991497
11/1/15 8:08 AM,10.92003707
11/1/15 8:11 AM,19.66450094
11/1/15 8:56 AM,28.55030315
11/1/15 10:16 AM,18.39954014
11/1/15 10:48 AM,12.92472517
11/1/15 11:05 AM,17.52124028
11/1/15 11:06 AM,26.31738965
11/1/15 11:25 AM,26.05681732
11/1/15 11:31 AM,29.6160207
11/1/15 12:44 PM,17.74678623
11/1/15 12:47 PM,7.546854048
11/1/15 12:48 PM,26.36368895
11/1/15 12:55 PM,14.73764455
11/1/15 1:00 PM,29.28775522
11/1/15 1:02 PM,31.99631096
11/1/15 1:04 PM,26.98127335
11/1/15 1:05 PM,16.57589549
11/1/15 1:26 PM,16.49186226
11/1/15 1:46 PM,15.7054205
11/1/15 2:16 PM,17.70494621
11/1/15 2:18 PM,26.15526569
11/1/15 2:22 PM,29.69427867
11/1/15 2:28 PM,24.45554711
11/1/15 2:45 PM,22.42587258
11/1/15 3:00 PM,33.00430954
11/1/15 3:02 PM,4.385275307
11/1/15 3:13 PM,16.91540091
11/1/15 3:24 PM,17.24771877
11/1/15 3:53 PM,25.54866328
11/1/15 4:04 PM,19.69265402
11/1/15 4:27 PM,22.54845908
11/1/15 4:31 PM,18.67477521
11/1/15 4:37 PM,16.97770037
11/1/15 4:44 PM,18.87044379
11/1/15 4:59 PM,24.98442715
11/1/15 5:04 PM,26.1918393
11/1/15 6:17 PM,10.33615841
11/1/15 6:23 PM,28.24034248
11/1/15 6:39 PM,21.63070823
11/1/15 7:16 PM,13.69037798
11/1/15 7:24 PM,21.14227094
11/1/15 7:36 PM,20.36675582
11/1/15 7:47 PM,20.31172868
11/1/15 8:01 PM,19.10398047
11/1/15 8:04 PM,5.537196803
11/1/15 8:09 PM,15.86544705
11/1/15 8:13 PM,10.5683766
11/1/15 8:48 PM,21.55866766
11/1/15 8:48 PM,18.98939209
11/1/15 9:06 PM,10.24145238
11/1/15 9:48 PM,28.11078338
11/1/15 10:04 PM,13.84883871
11/1/15 10:05 PM,21.50769018
11/1/15 10:09 PM,15.28142964
11/1/15 10:09 PM,26.33668396
11/1/15 10:25 PM,29.06426597
11/1/15 11:08 PM,22.84410395
11/1/15 11:34 PM,16.21870486
11/1/15 11:35 PM,21.21170712